[
  {
    "id": 1,
    "name": "\u7cfb\u7edf\u7ba1\u7406",
    "parent_id": 0,
    "created_at": "",
    "updated_at": "",
    "user_module_name": "",
    "key_word": "",
    "link": "",
    "sort": "",
    "icon_font": "",
    "can_delete": 0
  },
  {
    "id": 2,
    "name": "\u680f\u76ee\u7ba1\u7406",
    "parent_id": 1,
    "created_at": "",
    "updated_at": "",
    "user_module_name": "",
    "key_word": "",
    "link": "/admin/system/module",
    "sort": "",
    "icon_font": "",
    "can_delete": 1
  },
  {
    "id": 3,
    "name": "\u89d2\u8272\u7ba1\u7406",
    "parent_id": 1,
    "created_at": "",
    "updated_at": "",
    "user_module_name": "",
    "key_word": "",
    "link": "/admin/system/role",
    "sort": "",
    "icon_font": "",
    "can_delete": 1
  },
  {
    "id": 4,
    "name": "\u6587\u7ae0\u7ba1\u7406",
    "parent_id": 0,
    "created_at": "",
    "updated_at": "2018-05-19 05:13:27",
    "user_module_name": "",
    "key_word": "keyword",
    "link": "",
    "sort": "122222222",
    "icon_font": "21121221",
    "can_delete": 1
  },
  {
    "id": 5,
    "name": "\u6587\u7ae0\u5206\u7c7b",
    "parent_id": 4,
    "created_at": "",
    "updated_at": "",
    "user_module_name": "",
    "key_word": "",
    "link": "/admin/article/article-type",
    "sort": "",
    "icon_font": "",
    "can_delete": 1
  },
  {
    "id": 6,
    "name": "\u6587\u7ae0\u5ba1\u6279",
    "parent_id": 4,
    "created_at": "",
    "updated_at": "",
    "user_module_name": "",
    "key_word": "",
    "link": "/admin/article/article-verify",
    "sort": "",
    "icon_font": "",
    "can_delete": 1
  },
  {
    "id": 7,
    "name": "\u6587\u7ae0\u4e0e\u8bc4\u8bba",
    "parent_id": 4,
    "created_at": "",
    "updated_at": "",
    "user_module_name": "",
    "key_word": "",
    "link": "/admin/article/article-manage",
    "sort": "",
    "icon_font": "",
    "can_delete": 1
  },
  {
    "id": 10,
    "name": "\u6587\u7ae0\u7edf\u8ba1",
    "parent_id": 4,
    "created_at": "",
    "updated_at": "",
    "user_module_name": "",
    "key_word": "",
    "link": "/admin/article/article-analysis",
    "sort": "",
    "icon_font": "",
    "can_delete": 1
  },
  {
    "id": 11,
    "name": "\u6d3b\u52a8\u7ba1\u7406",
    "parent_id": 0,
    "created_at": "",
    "updated_at": "",
    "user_module_name": "",
    "key_word": "",
    "link": "/admin/activity",
    "sort": "",
    "icon_font": "",
    "can_delete": 1
  },
  {
    "id": 12,
    "name": "\u4f18\u60e0\u5238",
    "parent_id": 11,
    "created_at": "",
    "updated_at": "",
    "user_module_name": "",
    "key_word": "",
    "link": "/admin/activity/material",
    "sort": "",
    "icon_font": "",
    "can_delete": 1
  },
  {
    "id": 13,
    "name": "\u62db\u8058",
    "parent_id": 11,
    "created_at": "",
    "updated_at": "",
    "user_module_name": "",
    "key_word": "",
    "link": "/admin/activity/hire",
    "sort": "",
    "icon_font": "",
    "can_delete": 1
  },
  {
    "id": 14,
    "name": "\u4eba\u5458\u7ba1\u7406",
    "parent_id": 1,
    "created_at": "",
    "updated_at": "",
    "user_module_name": "",
    "key_word": "",
    "link": "/admin/system/user",
    "sort": "",
    "icon_font": "",
    "can_delete": 1
  },
  {
    "id": 15,
    "name": "\u5546\u57ce",
    "parent_id": 0,
    "created_at": "",
    "updated_at": "",
    "user_module_name": "",
    "key_word": "",
    "link": "",
    "sort": "",
    "icon_font": "",
    "can_delete": 1
  },
  {
    "id": 16,
    "name": "\u5143\u6570\u636e",
    "parent_id": 15,
    "created_at": "",
    "updated_at": "",
    "user_module_name": "",
    "key_word": "",
    "link": "/admin/shop/product-meta",
    "sort": "",
    "icon_font": "",
    "can_delete": 1
  },
  {
    "id": 17,
    "name": "\u4ea7\u54c1",
    "parent_id": 15,
    "created_at": "",
    "updated_at": "",
    "user_module_name": "",
    "key_word": "",
    "link": "/admin/shop/product-manage",
    "sort": "",
    "icon_font": "",
    "can_delete": 1
  },
  {
    "id": 18,
    "name": "\u8ba2\u5355",
    "parent_id": 15,
    "created_at": "",
    "updated_at": "",
    "user_module_name": "",
    "key_word": "",
    "link": "/admin/shop/order",
    "sort": "",
    "icon_font": "",
    "can_delete": 1
  }
]
