{
  "swagger": "2.0",
  "info": {
    "description": "飞客联盟API.",
    "version": "1.0.0",
    "title": "飞客联盟API"
  },
  "host": "localhost:8080",
  "basePath": "/v2",
  "tags": [
    {
      "name": "会员管理",
      "description": "会员管理",
      "externalDocs": {
        "description": "查看更多",
        "url": ""
      }
    },
    {
      "name": "航班管理",
      "description": "航班管理",
      "externalDocs": {
        "description": "查看更多",
        "url": ""
      }
    },
    {
      "name": "产品管理",
      "description": "管理供应商的产品"
    },
    {
      "name": "订单管理",
      "description": "管理采购商的订单"
    }
  ],
  "schemes": [
    "https",
    "http"
  ],
  "paths": {
    "/member": {
      "post": {
        "tags": [
          "会员管理"
        ],
        "summary": "添加会员",
        "description": "",
        "operationId": "memberAdd",
        "consumes": [
          "application/json",
          "application/xml"
        ],
        "produces": [
          "application/xml",
          "application/json"
        ],
        "parameters": [
          {
            "in": "body",
            "name": "body",
            "required": true,
            "schema": {
              "$ref": "#/definitions/Member"
            }
          }
        ],
        "responses": {
          "405": {
            "description": "无效的输入"
          }
        },
        "security": [
          {
            "suppliers_auth": [
              "write:members",
              "read:members"
            ]
          }
        ]
      },
      "put": {
        "tags": [
          "会员管理"
        ],
        "summary": "更新会员信息",
        "description": "",
        "operationId": "memberUpdate",
        "consumes": [
          "application/json",
          "application/xml"
        ],
        "produces": [
          "application/xml",
          "application/json"
        ],
        "parameters": [
          {
            "in": "body",
            "name": "body",
            "required": true,
            "schema": {
              "$ref": "#/definitions/Member"
            }
          }
        ],
        "responses": {
          "400": {
            "description": "无效的会员ID"
          },
          "404": {
            "description": "供会员未找到"
          },
          "405": {
            "description": "校验异常"
          }
        },
        "security": [
          {
            "suppliers_auth": [
              "write:members",
              "read:members"
            ]
          }
        ]
      },
      "delete": {
        "tags": [
          "会员管理"
        ],
        "summary": "删除会员",
        "description": "",
        "operationId": "memberDelete",
        "produces": [
          "application/xml",
          "application/json"
        ],
        "parameters": [
          {
            "name": "api_key",
            "in": "header",
            "required": false,
            "type": "string"
          },
          {
            "name": "memberId",
            "in": "path",
            "description": "会员Id",
            "required": true,
            "type": "integer",
            "format": "int64"
          }
        ],
        "responses": {
          "400": {
            "description": "无效会员ID"
          },
          "404": {
            "description": "未发现会员"
          }
        },
        "security": [
          {
            "suppliers_auth": [
              "write:members",
              "read:members"
            ]
          }
        ]
      }
    },
    "/member/{memberId}/uploadImage": {
      "post": {
        "tags": [
          "会员管理"
        ],
        "summary": "上传会员照片",
        "description": "",
        "operationId": "uploadFile",
        "consumes": [
          "multipart/form-data"
        ],
        "produces": [
          "application/json"
        ],
        "parameters": [
          {
            "name": "memberId",
            "in": "path",
            "description": "会员ID",
            "required": true,
            "type": "integer",
            "format": "int64"
          },
          {
            "name": "additionalMetadata",
            "in": "formData",
            "description": "传送附加信息至服务器",
            "required": false,
            "type": "string"
          },
          {
            "name": "file",
            "in": "formData",
            "description": "上传的文件",
            "required": false,
            "type": "file"
          }
        ],
        "responses": {
          "200": {
            "description": "成功执行",
            "schema": {
              "$ref": "#/definitions/ApiResponse"
            }
          }
        },
        "security": [
          {
            "suppliers_auth": [
              "write:members",
              "read:members"
            ]
          }
        ]
      }
    },
    "/member/{memberId}/status": {
      "put": {
        "tags": [
          "会员管理"
        ],
        "summary": "审核会员信息",
        "description": "",
        "operationId": "memberStatus",
        "consumes": [
          "application/json",
          "application/xml"
        ],
        "produces": [
          "application/xml",
          "application/json"
        ],
        "parameters": [
          {
            "name": "memberId",
            "in": "path",
            "description": "会员ID",
            "required": true,
            "type": "integer",
            "format": "int64"
          },
          {
            "name": "memberStatus",
            "in": "path",
            "description": "会员状态",
            "required": true,
            "type": "string",
            "enum": [
              "submitted",
              "approved",
              "disabled"
            ]
          }
        ],
        "responses": {
          "200": {
            "description": "成功执行",
            "schema": {
              "$ref": "#/definitions/ApiResponse"
            }
          }
        },
        "security": [
          {
            "suppliers_auth": [
              "write:members",
              "read:members"
            ]
          }
        ]
      }
    },
    "/flight": {
      "post": {
        "tags": [
          "航班管理"
        ],
        "summary": "添加航班",
        "description": "",
        "operationId": "flightAdd",
        "consumes": [
          "application/json",
          "application/xml"
        ],
        "produces": [
          "application/xml",
          "application/json"
        ],
        "parameters": [
          {
            "in": "body",
            "name": "body",
            "required": true,
            "schema": {
              "$ref": "#/definitions/Flight"
            }
          }
        ],
        "responses": {
          "405": {
            "description": "无效的输入"
          }
        },
        "security": [
          {
            "suppliers_auth": [
              "write:flights",
              "read:flights"
            ]
          }
        ]
      },
      "put": {
        "tags": [
          "航班管理"
        ],
        "summary": "更新航班信息",
        "description": "",
        "operationId": "flightUpdate",
        "consumes": [
          "application/json",
          "application/xml"
        ],
        "produces": [
          "application/xml",
          "application/json"
        ],
        "parameters": [
          {
            "in": "body",
            "name": "body",
            "required": true,
            "schema": {
              "$ref": "#/definitions/Flight"
            }
          }
        ],
        "responses": {
          "400": {
            "description": "无效的航班ID"
          },
          "404": {
            "description": "航班未找到"
          },
          "405": {
            "description": "校验异常"
          }
        },
        "security": [
          {
            "suppliers_auth": [
              "write:flights",
              "read:flights"
            ]
          }
        ]
      },
      "delete": {
        "tags": [
          "航班管理"
        ],
        "summary": "删除航班",
        "description": "",
        "operationId": "flightDelete",
        "produces": [
          "application/xml",
          "application/json"
        ],
        "parameters": [
          {
            "name": "api_key",
            "in": "header",
            "required": false,
            "type": "string"
          },
          {
            "name": "flightId",
            "in": "path",
            "description": "航班Id",
            "required": true,
            "type": "integer",
            "format": "int64"
          }
        ],
        "responses": {
          "400": {
            "description": "无效航班ID"
          },
          "404": {
            "description": "未发现航班"
          }
        },
        "security": [
          {
            "suppliers_auth": [
              "write:flights",
              "read:flights"
            ]
          }
        ]
      }
    },
    "/flight/{flightId}/status": {
      "put": {
        "tags": [
          "航班管理"
        ],
        "summary": "审核航班信息",
        "description": "",
        "operationId": "flightStatus",
        "consumes": [
          "application/json",
          "application/xml"
        ],
        "produces": [
          "application/xml",
          "application/json"
        ],
        "parameters": [
          {
            "name": "flightId",
            "in": "path",
            "description": "航班ID",
            "required": true,
            "type": "integer",
            "format": "int64"
          },
          {
            "name": "status",
            "in": "path",
            "description": "航班信息状态",
            "required": true,
            "type": "string"
          }
        ],
        "responses": {
          "200": {
            "description": "成功执行",
            "schema": {
              "$ref": "#/definitions/ApiResponse"
            }
          }
        },
        "security": [
          {
            "suppliers_auth": [
              "write:flights",
              "read:flights"
            ]
          }
        ]
      }
    },
    "/product": {
      "post": {
        "tags": [
          "产品管理"
        ],
        "summary": "添加产品",
        "description": "",
        "operationId": "productAdd",
        "consumes": [
          "application/json",
          "application/xml"
        ],
        "produces": [
          "application/xml",
          "application/json"
        ],
        "parameters": [
          {
            "in": "body",
            "name": "body",
            "required": true,
            "schema": {
              "$ref": "#/definitions/Product"
            }
          }
        ],
        "responses": {
          "405": {
            "description": "无效的输入"
          }
        },
        "security": [
          {
            "suppliers_auth": [
              "write:products",
              "read:products"
            ]
          }
        ]
      },
      "put": {
        "tags": [
          "产品管理"
        ],
        "summary": "更新产品信息",
        "description": "",
        "operationId": "productUpdate",
        "consumes": [
          "application/json",
          "application/xml"
        ],
        "produces": [
          "application/xml",
          "application/json"
        ],
        "parameters": [
          {
            "in": "body",
            "name": "body",
            "required": true,
            "schema": {
              "$ref": "#/definitions/Product"
            }
          }
        ],
        "responses": {
          "400": {
            "description": "无效的产品ID"
          },
          "404": {
            "description": "产品未找到"
          },
          "405": {
            "description": "校验异常"
          }
        },
        "security": [
          {
            "suppliers_auth": [
              "write:products",
              "read:products"
            ]
          }
        ]
      },
      "delete": {
        "tags": [
          "产品管理"
        ],
        "summary": "删除产品",
        "description": "",
        "operationId": "productDelete",
        "produces": [
          "application/xml",
          "application/json"
        ],
        "parameters": [
          {
            "name": "api_key",
            "in": "header",
            "required": false,
            "type": "string"
          },
          {
            "name": "productId",
            "in": "path",
            "description": "产品Id",
            "required": true,
            "type": "integer",
            "format": "int64"
          }
        ],
        "responses": {
          "400": {
            "description": "无效产品ID"
          },
          "404": {
            "description": "未发现产品"
          }
        },
        "security": [
          {
            "suppliers_auth": [
              "write:products",
              "read:products"
            ]
          }
        ]
      }
    },
    "/product/{productId}/status": {
      "put": {
        "tags": [
          "产品管理"
        ],
        "summary": "修改产品状态",
        "description": "",
        "operationId": "productAudit",
        "consumes": [
          "application/json",
          "application/xml"
        ],
        "produces": [
          "application/xml",
          "application/json"
        ],
        "parameters": [
          {
            "name": "productId",
            "in": "path",
            "description": "产品ID",
            "required": true,
            "type": "integer",
            "format": "int64"
          },
          {
            "name": "status",
            "in": "path",
            "description": "产品状态",
            "required": true,
            "type": "string"
          }
        ],
        "responses": {
          "200": {
            "description": "成功执行",
            "schema": {
              "$ref": "#/definitions/ApiResponse"
            }
          }
        },
        "security": [
          {
            "suppliers_auth": [
              "write:products",
              "read:products"
            ]
          }
        ]
      }
    },
    "/product/{productId}/uploadImage": {
      "post": {
        "tags": [
          "产品管理"
        ],
        "summary": "上传产品照片",
        "description": "",
        "operationId": "uploadFile",
        "consumes": [
          "multipart/form-data"
        ],
        "produces": [
          "application/json"
        ],
        "parameters": [
          {
            "name": "productId",
            "in": "path",
            "description": "产品ID",
            "required": true,
            "type": "integer",
            "format": "int64"
          },
          {
            "name": "additionalMetadata",
            "in": "formData",
            "description": "传送附加信息至服务器",
            "required": false,
            "type": "string"
          },
          {
            "name": "file",
            "in": "formData",
            "description": "上传的文件",
            "required": false,
            "type": "file"
          }
        ],
        "responses": {
          "200": {
            "description": "成功执行",
            "schema": {
              "$ref": "#/definitions/ApiResponse"
            }
          }
        },
        "security": [
          {
            "suppliers_auth": [
              "write:products",
              "read:products"
            ]
          }
        ]
      }
    },
    "/order": {
      "post": {
        "tags": [
          "订单管理"
        ],
        "summary": "添加订单",
        "description": "",
        "operationId": "orderAdd",
        "consumes": [
          "application/json",
          "application/xml"
        ],
        "produces": [
          "application/xml",
          "application/json"
        ],
        "parameters": [
          {
            "in": "body",
            "name": "body",
            "required": true,
            "schema": {
              "$ref": "#/definitions/Order"
            }
          }
        ],
        "responses": {
          "405": {
            "description": "无效的输入"
          }
        },
        "security": [
          {
            "suppliers_auth": [
              "write:orders",
              "read:orders"
            ]
          }
        ]
      },
      "put": {
        "tags": [
          "订单管理"
        ],
        "summary": "更新订单信息",
        "description": "",
        "operationId": "orderUpdate",
        "consumes": [
          "application/json",
          "application/xml"
        ],
        "produces": [
          "application/xml",
          "application/json"
        ],
        "parameters": [
          {
            "in": "body",
            "name": "body",
            "required": true,
            "schema": {
              "$ref": "#/definitions/Order"
            }
          }
        ],
        "responses": {
          "400": {
            "description": "无效的订单ID"
          },
          "404": {
            "description": "订单未找到"
          },
          "405": {
            "description": "校验异常"
          }
        },
        "security": [
          {
            "suppliers_auth": [
              "write:orders",
              "read:orders"
            ]
          }
        ]
      },
      "delete": {
        "tags": [
          "订单管理"
        ],
        "summary": "删除订单",
        "description": "",
        "operationId": "orderDelete",
        "produces": [
          "application/xml",
          "application/json"
        ],
        "parameters": [
          {
            "name": "api_key",
            "in": "header",
            "required": false,
            "type": "string"
          },
          {
            "name": "orderId",
            "in": "path",
            "description": "订单Id",
            "required": true,
            "type": "integer",
            "format": "int64"
          }
        ],
        "responses": {
          "400": {
            "description": "无效订单ID"
          },
          "404": {
            "description": "未发现订单"
          }
        },
        "security": [
          {
            "suppliers_auth": [
              "write:orders",
              "read:orders"
            ]
          }
        ]
      }
    },
    "/order/{orderId}/status": {
      "put": {
        "tags": [
          "订单管理"
        ],
        "summary": "订单状态变更",
        "description": "",
        "operationId": "orderAudit",
        "consumes": [
          "application/json",
          "application/xml"
        ],
        "produces": [
          "application/xml",
          "application/json"
        ],
        "parameters": [
          {
            "name": "orderId",
            "in": "path",
            "description": "订单ID",
            "required": true,
            "type": "integer",
            "format": "int64"
          },
          {
            "name": "status",
            "in": "path",
            "description": "订单状态",
            "required": true,
            "type": "string"
          }
        ],
        "responses": {
          "200": {
            "description": "成功执行",
            "schema": {
              "$ref": "#/definitions/ApiResponse"
            }
          }
        },
        "security": [
          {
            "suppliers_auth": [
              "write:orders",
              "read:orders"
            ]
          }
        ]
      }
    },
    "/order/refund": {
      "post": {
        "tags": [
          "订单管理"
        ],
        "summary": "添加退票",
        "description": "",
        "operationId": "orderRefundAdd",
        "consumes": [
          "application/json",
          "application/xml"
        ],
        "produces": [
          "application/xml",
          "application/json"
        ],
        "parameters": [
          {
            "in": "body",
            "name": "body",
            "required": true,
            "schema": {
              "$ref": "#/definitions/OrderRefund"
            }
          }
        ],
        "responses": {
          "405": {
            "description": "无效的输入"
          }
        },
        "security": [
          {
            "suppliers_auth": [
              "write:order_refunds",
              "read:order_refunds"
            ]
          }
        ]
      },
      "put": {
        "tags": [
          "订单管理"
        ],
        "summary": "更新订单信息",
        "description": "",
        "operationId": "orderRefundUpdate",
        "consumes": [
          "application/json",
          "application/xml"
        ],
        "produces": [
          "application/xml",
          "application/json"
        ],
        "parameters": [
          {
            "in": "body",
            "name": "body",
            "required": true,
            "schema": {
              "$ref": "#/definitions/OrderRefund"
            }
          }
        ],
        "responses": {
          "400": {
            "description": "无效的订单ID"
          },
          "404": {
            "description": "订单未找到"
          },
          "405": {
            "description": "校验异常"
          }
        },
        "security": [
          {
            "suppliers_auth": [
              "write:order_refunds",
              "read:order_refunds"
            ]
          }
        ]
      },
      "delete": {
        "tags": [
          "订单管理"
        ],
        "summary": "删除退票",
        "description": "",
        "operationId": "orderRefundDelete",
        "produces": [
          "application/xml",
          "application/json"
        ],
        "parameters": [
          {
            "name": "api_key",
            "in": "header",
            "required": false,
            "type": "string"
          },
          {
            "name": "refundId",
            "in": "path",
            "description": "订单Id",
            "required": true,
            "type": "integer",
            "format": "int64"
          }
        ],
        "responses": {
          "400": {
            "description": "无效订单ID"
          },
          "404": {
            "description": "未发现订单"
          }
        },
        "security": [
          {
            "suppliers_auth": [
              "write:order_refunds",
              "read:order_refunds"
            ]
          }
        ]
      }
    },
    "/order/refund/{refundId}/status": {
      "put": {
        "tags": [
          "订单管理"
        ],
        "summary": "退票状态变更",
        "description": "",
        "operationId": "orderRefundStatus",
        "consumes": [
          "application/json",
          "application/xml"
        ],
        "produces": [
          "application/xml",
          "application/json"
        ],
        "parameters": [
          {
            "name": "refundId",
            "in": "path",
            "description": "订单ID",
            "required": true,
            "type": "integer",
            "format": "int64"
          },
          {
            "name": "status",
            "in": "body",
            "description": "退票单状态",
            "required": true,
            "type": "string"
          }
        ],
        "responses": {
          "200": {
            "description": "成功执行",
            "schema": {
              "$ref": "#/definitions/ApiResponse"
            }
          }
        },
        "security": [
          {
            "suppliers_auth": [
              "write:orders",
              "read:orders"
            ]
          }
        ]
      }
    }
  },
  "securityDefinitions": {
    "petstore_auth": {
      "type": "oauth2",
      "authorizationUrl": "http://petstore.swagger.io/oauth/dialog",
      "flow": "implicit",
      "scopes": {
        "write:pets": "modify pets in your account",
        "read:pets": "read your pets"
      }
    },
    "api_key": {
      "type": "apiKey",
      "name": "api_key",
      "in": "header"
    }
  },
  "definitions": {
    "BaseEnitity": {
      "type": "object",
      "required": [
        "createTime",
        "createWay"
      ],
      "properties": {
        "creator": {
          "type": "string",
          "description": "创建人"
        },
        "createTime": {
          "type": "string",
          "description": "创建时间"
        },
        "createWay": {
          "type": "string",
          "description": "创建途径",
          "enum": [
            "web",
            "app"
          ]
        }
      }
    },
    "Member": {
      "type": "object",
      "title": "会员",
      "required": [
        "code",
        "name",
        "memberType",
        "representative",
        "idNum",
        "contact",
        "mobile"
      ],
      "allOf": [
        {
          "type": "object"
        },
        {
          "$ref": "#/definitions/BaseEnitity"
        }
      ],
      "properties": {
        "id": {
          "title": "主键",
          "type": "integer",
          "format": "int64",
          "example": null
        },
        "code": {
          "title": "编码",
          "type": "string",
          "example": "0001"
        },
        "name": {
          "title": "名称",
          "type": "string",
          "example": "供应商0001"
        },
        "taxNum": {
          "title": "税号",
          "type": "string",
          "example": "9000000000000TAX"
        },
        "bankInfo": {
          "title": "银行信息",
          "type": "string",
          "example": "账号:622222222222,户名:北京商业银行"
        },
        "address": {
          "title": "地址",
          "type": "string",
          "example": "武汉市徐东路群星城35-1-1"
        },
        "legalPerson": {
          "title": "法人",
          "description": "个人会员法人与姓名一致",
          "type": "string",
          "example": "110221197801010001"
        },
        "legalIdNum": {
          "title": "身份证号",
          "description": "企业会员填写法定代表人身份证",
          "type": "string",
          "example": "110221197801010001"
        },
        "contact": {
          "title": "联系人",
          "type": "string",
          "example": "张三"
        },
        "mobile": {
          "title": "联系手机",
          "type": "string",
          "example": "139444000111"
        },
        "status": {
          "type": "string",
          "description": "状态",
          "example": "submitted",
          "enum": [
            "submitted",
            "approved",
            "disabled"
          ]
        },
        "memberType": {
          "type": "string",
          "description": "会员类别",
          "example": "submitted",
          "enum": [
            "supplier",
            "agent",
            "consumer"
          ]
        }
      }
    },
    "Product": {
      "allOf": [
        {
          "type": "object"
        },
        {
          "$ref": "#/definitions/BaseEnitity"
        }
      ],
      "type": "object",
      "title": "产品",
      "required": [
        "code",
        "name",
        "lineType",
        "productType",
        "sellType",
        "boundFlight",
        "boundDate",
        "tripDays",
        "returnFlight",
        "returnDate",
        "seatCount",
        "restSeat",
        "priceSupply",
        "priceSelf",
        "price2B",
        "price2C",
        "saleRuler",
        "specified",
        "submitTime",
        "auditor",
        "auditTime",
        "status",
        "changeLog"
      ],
      "properties": {
        "id": {
          "type": "integer",
          "format": "int64"
        },
        "code": {
          "title": "产品代码",
          "type": "string"
        },
        "name": {
          "title": "产品标题",
          "type": "string"
        },
        "image": {
          "title": "产品图片",
          "type": "string",
          "format": "base64"
        },
        "lineType": {
          "title": "航线类别",
          "type": "string",
          "enum": [
            "国际",
            "国内"
          ]
        },
        "productType": {
          "title": "产品类别",
          "type": "string",
          "enum": [
            "包机",
            "切位"
          ]
        },
        "sellType": {
          "title": "销售方式",
          "type": "string",
          "enum": [
            "整团",
            "余位",
            "尾单"
          ]
        },
        "boundFlightId": {
          "title": "去程航班Id",
          "type": "integer"
        },
        "boundFlightCode": {
          "title": "去程航班号",
          "type": "string"
        },
        "boundDate": {
          "title": "去程日期",
          "type": "array",
          "items": {
            "type": "string",
            "format": "date"
          }
        },
        "tripDays": {
          "title": "行程天数",
          "type": "integer"
        },
        "returnFlightId": {
          "title": "回程航班Id",
          "type": "integer"
        },
        "returnFlightCode": {
          "title": "回程航班号",
          "type": "string"
        },
        "returnDate": {
          "title": "回程日期",
          "type": "array",
          "items": {
            "type": "string",
            "format": "date"
          }
        },
        "seatCount": {
          "title": "机位数",
          "type": "integer"
        },
        "restSeat": {
          "title": "剩余机位数",
          "type": "integer"
        },
        "priceSupply_a": {
          "title": "供应商底价_成人",
          "type": "number"
        },
        "priceSupply_c": {
          "title": "供应商底价_儿童",
          "type": "number"
        },
        "priceSelf_a": {
          "title": "平台底价_成人",
          "type": "number"
        },
        "priceSelf_c": {
          "title": "平台底价_儿童",
          "type": "number"
        },
        "price2B_a": {
          "title": "2B销售价_成人",
          "type": "number"
        },
        "price2C_c": {
          "title": "2C销售价_儿童",
          "type": "number"
        },
        "saleRuler": {
          "title": "销售规则",
          "type": "string"
        },
        "teamRate": {
          "title": "成团率",
          "type": "number"
        },
        "tripRate": {
          "title": "成行率",
          "type": "number"
        },
        "specified": {
          "title": "发布指向",
          "type": "string",
          "enum": [
            "2B",
            "2C",
            "定向"
          ]
        },
        "specBuyer": {
          "title": "指定采购商",
          "type": "array",
          "items": {
            "title": "采购商ID",
            "type": "integer"
          }
        },
        "submitTime": {
          "title": "发布时间",
          "type": "string",
          "format": "date-time"
        },
        "auditor": {
          "title": "审核人",
          "type": "string"
        },
        "auditTime": {
          "title": "审核时间",
          "type": "string",
          "format": "date-time"
        },
        "status": {
          "title": "状态",
          "type": "string",
          "description": "审核后才生效",
          "enum": [
            "submitted",
            "approved",
            "expired"
          ]
        },
        "changeLog": {
          "title": "发布日志",
          "type": "string"
        }
      }
    },
    "Flight": {
      "allOf": [
        {
          "type": "object"
        },
        {
          "$ref": "#/definitions/BaseEnitity"
        }
      ],
      "type": "object",
      "title": "航班",
      "required": [
        "code",
        "airCompany",
        "startAirPort",
        "stopAirPort",
        "stopAirPort",
        "startTime",
        "endTime"
      ],
      "properties": {
        "id": {
          "type": "integer",
          "format": "int64"
        },
        "code": {
          "title": "航班号",
          "type": "string"
        },
        "airCompany": {
          "title": "航空公司",
          "type": "string"
        },
        "startAirPort": {
          "title": "出发机场",
          "type": "string"
        },
        "startTime": {
          "title": "出发时间",
          "type": "string",
          "format": "date-time"
        },
        "startInfo": {
          "title": "出发信息",
          "type": "string",
          "example": "T3航站楼"
        },
        "stopAirPort": {
          "title": "经停机场",
          "type": "string"
        },
        "stopInfo": {
          "title": "经停信息",
          "type": "string",
          "example": "到达时间:2018-1-1 11:30:00,出发时间:2018-1-1 12:30:00"
        },
        "endAirPort": {
          "title": "到达机场",
          "type": "string"
        },
        "endTime": {
          "title": "到达时间",
          "type": "string",
          "format": "date-time"
        },
        "endInfo": {
          "title": "到达信息",
          "type": "string",
          "example": "T1航站楼"
        },
        "status": {
          "title": "状态",
          "type": "string",
          "description": "审核后才生效",
          "enum": [
            "submitted",
            "approved",
            "disabled"
          ]
        }
      }
    },
    "Order": {
      "allOf": [
        {
          "type": "object"
        },
        {
          "$ref": "#/definitions/BaseEnitity"
        }
      ],
      "type": "object",
      "title": "订单",
      "required": [
        "orderNo",
        "product",
        "productCode",
        "boundFlightCode",
        "boundDate",
        "returnFlightCode",
        "returnDate",
        "tripInfo",
        "price_a",
        "price_c",
        "count_a",
        "count_c",
        "amount",
        "passengers",
        "status"
      ],
      "properties": {
        "id": {
          "type": "integer",
          "format": "int64"
        },
        "orderNo": {
          "title": "订单号",
          "type": "string"
        },
        "product": {
          "title": "产品信息",
          "$ref": "#/definitions/Product",
          "type": "object"
        },
        "productCode": {
          "title": "产品代码",
          "type": "string"
        },
        "boundFlightCode": {
          "title": "去程航班号",
          "type": "string"
        },
        "boundDate": {
          "title": "去程日期",
          "type": "string",
          "format": "date"
        },
        "returnFlightCode": {
          "title": "返程航班",
          "type": "string"
        },
        "returnDate": {
          "title": "返程日期",
          "type": "string",
          "format": "date"
        },
        "tripInfo": {
          "title": "行程信息",
          "type": "string"
        },
        "price_a": {
          "title": "成人价",
          "type": "number"
        },
        "price_c": {
          "title": "儿童价",
          "type": "number"
        },
        "count_a": {
          "title": "成人数量",
          "type": "number"
        },
        "count_c": {
          "title": "儿童数量",
          "type": "number"
        },
        "amount": {
          "title": "订单金额",
          "type": "number"
        },
        "passengers": {
          "title": "乘客信息",
          "type": "array",
          "items": {
            "$ref": "#/definitions/Passenger"
          },
          "example": ""
        },
        "status": {
          "title": "状态",
          "type": "string",
          "description": "",
          "enum": [
            "unsubmitted",
            "submitted",
            "confirmed",
            "deposit_paid",
            "all_paid",
            "ticket_out",
            "deleted"
          ]
        }
      }
    },
    "OrderRefund": {
      "allOf": [
        {
          "type": "object"
        },
        {
          "$ref": "#/definitions/BaseEnitity"
        }
      ],
      "type": "object",
      "title": "退票单",
      "required": [
        "orderNo",
        "product",
        "productCode",
        "boundFlightCode",
        "boundDate",
        "returnFlightCode",
        "returnDate",
        "tripInfo",
        "price_a",
        "price_c",
        "count_a",
        "count_c",
        "amount",
        "passengers",
        "status"
      ],
      "properties": {
        "id": {
          "type": "integer",
          "format": "int64"
        },
        "refundNo": {
          "title": "退票单号",
          "type": "string"
        },
        "orderId": {
          "title": "原订单id",
          "type": "string"
        },
        "orderNo": {
          "title": "原订单号",
          "type": "string"
        },
        "product": {
          "title": "产品信息",
          "$ref": "#/definitions/Product",
          "type": "object"
        },
        "productCode": {
          "title": "产品代码",
          "type": "string"
        },
        "boundFlightCode": {
          "title": "去程航班号",
          "type": "string"
        },
        "boundDate": {
          "title": "去程日期",
          "type": "string",
          "format": "date"
        },
        "returnFlightCode": {
          "title": "返程航班",
          "type": "string"
        },
        "returnDate": {
          "title": "返程日期",
          "type": "string",
          "format": "date"
        },
        "tripInfo": {
          "title": "行程信息",
          "type": "string"
        },
        "price_a": {
          "title": "成人价",
          "type": "number"
        },
        "price_c": {
          "title": "儿童价",
          "type": "number"
        },
        "refundcount_a": {
          "title": "退成人票数量",
          "type": "number"
        },
        "refundcount_c": {
          "title": "退儿童票数量",
          "type": "number"
        },
        "amount": {
          "title": "原订单金额",
          "type": "number"
        },
        "refund_amt": {
          "title": "原订单金额",
          "type": "number"
        },
        "passengers": {
          "title": "乘客信息",
          "type": "array",
          "items": {
            "$ref": "#/definitions/Passenger"
          },
          "example": ""
        },
        "status": {
          "title": "状态",
          "type": "string",
          "description": "",
          "enum": [
            "unsubmitted",
            "submitted",
            "confirmed",
            "deposit_paid",
            "all_paid",
            "ticket_out",
            "deleted"
          ]
        }
      }
    },
    "Country": {
      "allOf": [
        {
          "type": "object"
        },
        {
          "$ref": "#/definitions/BaseEnitity"
        }
      ],
      "type": "object",
      "title": "国家",
      "required": [
        "code",
        "name"
      ],
      "properties": {
        "id": {
          "type": "integer",
          "format": "int64"
        },
        "code": {
          "title": "二字代码",
          "type": "string",
          "example": "CN"
        },
        "name": {
          "title": "国家名",
          "type": "string",
          "example": "中国"
        }
      }
    },
    "City": {
      "allOf": [
        {
          "type": "object"
        },
        {
          "$ref": "#/definitions/BaseEnitity"
        }
      ],
      "type": "object",
      "title": "城市",
      "required": [
        "code",
        "name",
        "country"
      ],
      "properties": {
        "id": {
          "type": "integer",
          "format": "int64"
        },
        "code": {
          "title": "三字代码",
          "type": "string",
          "example": "PEK"
        },
        "name": {
          "title": "城市名",
          "type": "string",
          "example": "北京"
        },
        "country": {
          "title": "国家",
          "type": "string",
          "example": "中国"
        }
      }
    },
    "AirCompany": {
      "allOf": [
        {
          "type": "object"
        },
        {
          "$ref": "#/definitions/BaseEnitity"
        }
      ],
      "type": "object",
      "title": "航空公司",
      "required": [
        "code",
        "name",
        "shortName",
        "country"
      ],
      "properties": {
        "id": {
          "type": "integer",
          "format": "int64"
        },
        "code": {
          "title": "二字代码",
          "type": "string",
          "example": "CA"
        },
        "name": {
          "title": "航司全称",
          "type": "string",
          "example": "中国国际航空公司"
        },
        "shortName": {
          "title": "航司简称",
          "type": "string",
          "example": "国航"
        },
        "country": {
          "title": "国家",
          "type": "string"
        }
      }
    },
    "AirPort": {
      "allOf": [
        {
          "type": "object"
        },
        {
          "$ref": "#/definitions/BaseEnitity"
        }
      ],
      "type": "object",
      "title": "机场",
      "required": [
        "code",
        "name"
      ],
      "properties": {
        "id": {
          "type": "integer",
          "format": "int64"
        },
        "code": {
          "title": "三字代码",
          "type": "string",
          "example": "PEK"
        },
        "name": {
          "title": "机场名称",
          "type": "string",
          "example": "北京首都国际机场"
        }
      }
    },
    "Passenger": {
      "type": "object",
      "title": "乘客",
      "required": [
        "sex",
        "name",
        "idtype",
        "idNum",
        "idAdult"
      ],
      "properties": {
        "id": {
          "type": "integer",
          "format": "int64"
        },
        "sex": {
          "title": "性别",
          "type": "string",
          "enum": [
            "男",
            "女"
          ],
          "example": "男"
        },
        "name": {
          "title": "姓名",
          "type": "string",
          "example": "李四"
        },
        "idtype": {
          "title": "证件类型",
          "type": "string",
          "example": "112001197801010001"
        },
        "idNum": {
          "title": "证件号",
          "type": "string",
          "example": "112001197801010001"
        },
        "idAdult": {
          "title": "是否成人",
          "type": "boolean",
          "example": "true"
        }
      }
    },
    "ApiResponse": {
      "type": "object",
      "properties": {
        "code": {
          "type": "integer",
          "format": "int32"
        },
        "type": {
          "type": "string"
        },
        "message": {
          "type": "string"
        }
      }
    }
  },
  "externalDocs": {
    "description": "Find out more about Swagger",
    "url": "http://swagger.io"
  }
}